{
  "intents": [
    {
      "systemIntentTypes": [
        "StartOver"
      ],
      "intentType": "System",
      "triggerQueries": [
        "start over",
        "restart",
        "let's begin again"
      ],
      "dialogId": "new_topic_2716c3a923ec4e748b58c3ac549460e4_8a4964498f83424bb3a86295bf7d0952_startover",
      "isTriggeringEnabled": true,
      "id": "new_topic_2716c3a923ec4e748b58c3ac549460e4_8a4964498f83424bb3a86295bf7d0952_startover",
      "displayName": "Start over",
      "description": "System Intent Start Over",
      "createdTime": "2019-01-15T00:00:00Z",
      "updatedTime": "2022-07-05T22:17:37.223036Z",
      "createdUserId": "user0",
      "updatedUserId": "357ffa00-5d0a-44da-a9e1-230419dea9b7"
    }
  ],
  "dialogs": [
    {
      "rootNodeId": "c3e3eb0f-97b2-46ae-9f36-77f009b1152a",
      "dialogType": "System",
      "messageNodes": [
        {
          "botMessageId": "3e8423c4-876f-4834-aedf-741b2b817601",
          "nodeType": "BotMessageNode",
          "id": "c3e3eb0f-97b2-46ae-9f36-77f009b1152a",
          "defaultTargetNodeId": "0c6cd3c1-5962-4969-967b-5b0e2a24a7c3"
        }
      ],
      "dialogChangeNodes": [
        {
          "targetDialogId": "new_topic_aaf8ce19fc7f4954aca88faae446eb3e",
          "nodeType": "DialogChangeNode",
          "id": "0c6cd3c1-5962-4969-967b-5b0e2a24a7c3"
        }
      ],
      "id": "new_topic_2716c3a923ec4e748b58c3ac549460e4_8a4964498f83424bb3a86295bf7d0952_startover",
      "displayName": "Dialog for Start over",
      "createdTime": "2019-01-15T00:00:00Z",
      "updatedTime": "2022-07-05T22:17:37.223036Z",
      "createdUserId": "user0",
      "updatedUserId": "357ffa00-5d0a-44da-a9e1-230419dea9b7"
    }
  ],
  "botMessages": [
    {
      "channelContent": {
        "web": {
          "contentFormat": "Markdown",
          "content": "Okay, let's start over!"
        }
      },
      "id": "3e8423c4-876f-4834-aedf-741b2b817601",
      "createdTime": "2019-01-15T00:00:00Z",
      "updatedTime": "2019-01-15T00:00:00Z",
      "createdUserId": "user0",
      "updatedUserId": "user0"
    }
  ]
}