{
  "properties": {
    "connectionReferences": {
      "shared_teams": {
        "runtimeSource": "embedded",
        "connection": {},
        "api": {
          "name": "shared_teams"
        }
      },
      "shared_commondataserviceforapps": {
        "runtimeSource": "embedded",
        "connection": {},
        "api": {
          "name": "shared_commondataserviceforapps"
        }
      }
    },
    "definition": {
      "$schema": "https://schema.management.azure.com/providers/Microsoft.Logic/schemas/2016-06-01/workflowdefinition.json#",
      "contentVersion": "1.0.0.0",
      "parameters": {
        "$connections": {
          "defaultValue": {},
          "type": "Object"
        },
        "$authentication": {
          "defaultValue": {},
          "type": "SecureObject"
        }
      },
      "triggers": {
        "When_a_row_is_added,_modified_or_deleted": {
          "metadata": {
            "operationMetadataId": "7c6e8d0a-e128-4aec-bfaa-2d4057c24ef6"
          },
          "type": "OpenApiConnectionWebhook",
          "inputs": {
            "host": {
              "connectionName": "shared_commondataserviceforapps",
              "operationId": "SubscribeWebhookTrigger",
              "apiId": "/providers/Microsoft.PowerApps/apis/shared_commondataserviceforapps"
            },
            "parameters": {
              "subscriptionRequest/message": 3,
              "subscriptionRequest/entityname": "crdf0_order",
              "subscriptionRequest/scope": 4,
              "subscriptionRequest/filteringattributes": "crc61_onbackorder",
              "subscriptionRequest/filterexpression": "crc61_onbackorder eq true"
            },
            "authentication": "@parameters('$authentication')"
          }
        }
      },
      "actions": {
        "Post_adaptive_card_in_a_chat_or_channel": {
          "runAfter": {},
          "metadata": {
            "operationMetadataId": "57fe8e00-7857-4ba7-87e8-e401b38c2aed"
          },
          "type": "OpenApiConnection",
          "inputs": {
            "host": {
              "connectionName": "shared_teams",
              "operationId": "PostCardToConversation",
              "apiId": "/providers/Microsoft.PowerApps/apis/shared_teams"
            },
            "parameters": {
              "poster": "Power Virtual Agents",
              "location": "powerva",
              "body/bot": "new_bot_2716c3a923ec4e748b58c3ac549460e4",
              "body/recipient": "@triggerOutputs()?['body/crc61_orderedby']",
              "body/messageBody": "{\n    \"type\": \"AdaptiveCard\",\n    \"body\": [\n        {\n            \"type\": \"TextBlock\",\n            \"size\": \"Medium\",\n            \"weight\": \"Bolder\",\n            \"text\": \"Alert: Your order is on backorder\"\n        },\n        {\n            \"type\": \"FactSet\",\n            \"facts\": [\n                {\n                    \"title\": \"ID\",\n                    \"value\": \"@{triggerOutputs()?['body/crdf0_id']}\"\n                },\n                {\n                    \"title\": \"Order Name\",\n                    \"value\": \"@{triggerOutputs()?['body/crdf0_ordername']}\"\n                },\n                {\n                    \"title\": \"Supplier\",\n                    \"value\": \"@{triggerOutputs()?['body/crdf0_supplier']}\"\n                }\n            ],\n            \"separator\": true\n        },\n        {\n            \"type\": \"TextBlock\",\n            \"text\": \"We will update you when the order ships.\",\n            \"wrap\": true\n        }\n    ],\n    \"$schema\": \"http://adaptivecards.io/schemas/adaptive-card.json\",\n    \"version\": \"1.3\"\n}",
              "body/attribution": true,
              "body/activeChat": "Send",
              "body/installedError": "Fail"
            },
            "authentication": "@parameters('$authentication')"
          }
        }
      }
    }
  },
  "schemaVersion": "1.0.0.0"
}