{
  "properties": {
    "connectionReferences": {
      "shared_office365users": {
        "runtimeSource": "embedded",
        "connection": {
          "connectionReferenceLogicalName": "crc61_sharedoffice365users_cb88e"
        },
        "api": {
          "name": "shared_office365users"
        }
      },
      "shared_commondataserviceforapps": {
        "runtimeSource": "embedded",
        "connection": {
          "connectionReferenceLogicalName": "aw_sharedcommondataserviceforapps_ed787"
        },
        "api": {
          "name": "shared_commondataserviceforapps"
        }
      }
    },
    "definition": {
      "$schema": "https://schema.management.azure.com/providers/Microsoft.Logic/schemas/2016-06-01/workflowdefinition.json#",
      "contentVersion": "1.0.0.0",
      "parameters": {
        "$connections": {
          "defaultValue": {},
          "type": "Object"
        },
        "$authentication": {
          "defaultValue": {},
          "type": "SecureObject"
        }
      },
      "triggers": {
        "manual": {
          "metadata": {
            "operationMetadataId": "edfb9e27-20ee-4b17-9581-c1316bf284c0"
          },
          "type": "Request",
          "kind": "VirtualAgent",
          "inputs": {
            "schema": {
              "type": "object",
              "properties": {},
              "required": []
            }
          }
        }
      },
      "actions": {
        "Return_value(s)_to_Power_Virtual_Agents": {
          "runAfter": {
            "Condition": [
              "Succeeded"
            ]
          },
          "metadata": {
            "operationMetadataId": "0bfd0aa4-f380-454e-a382-7dd7cc88f98c"
          },
          "type": "Response",
          "kind": "VirtualAgent",
          "inputs": {
            "statusCode": 200,
            "body": {
              "varmyorders": "@variables('varMyOrders')",
              "varstatusmsg": "@variables('varStatusMsg')"
            },
            "schema": {
              "type": "object",
              "properties": {
                "varmyorders": {
                  "title": "varMyOrders",
                  "x-ms-dynamically-added": true,
                  "type": "string"
                },
                "varstatusmsg": {
                  "title": "varStatusMsg",
                  "x-ms-dynamically-added": true,
                  "type": "string"
                }
              }
            }
          }
        },
        "Initialize_variable": {
          "runAfter": {},
          "metadata": {
            "operationMetadataId": "453ae68a-7363-47ab-91ec-f39b3c124f5e"
          },
          "type": "InitializeVariable",
          "inputs": {
            "variables": [
              {
                "name": "varMyOrders",
                "type": "string"
              }
            ]
          }
        },
        "Get_my_profile_(V2)": {
          "runAfter": {
            "Initialize_variable_2": [
              "Succeeded"
            ]
          },
          "metadata": {
            "operationMetadataId": "ef5d8b1a-bad7-462a-bf87-e3ef8b2698de"
          },
          "type": "OpenApiConnection",
          "inputs": {
            "host": {
              "connectionName": "shared_office365users",
              "operationId": "MyProfile_V2",
              "apiId": "/providers/Microsoft.PowerApps/apis/shared_office365users"
            },
            "parameters": {},
            "authentication": "@parameters('$authentication')"
          }
        },
        "List_rows": {
          "runAfter": {
            "Get_my_profile_(V2)": [
              "Succeeded"
            ]
          },
          "metadata": {
            "operationMetadataId": "a36d1510-0ca2-40f9-8172-3dc268e8bc03"
          },
          "type": "OpenApiConnection",
          "inputs": {
            "host": {
              "connectionName": "shared_commondataserviceforapps",
              "operationId": "ListRecords",
              "apiId": "/providers/Microsoft.PowerApps/apis/shared_commondataserviceforapps"
            },
            "parameters": {
              "entityName": "crdf0_orders",
              "$filter": "crc61_orderedby eq '@{outputs('Get_my_profile_(V2)')?['body/mail']}'"
            },
            "authentication": "@parameters('$authentication')"
          }
        },
        "Apply_to_each": {
          "foreach": "@outputs('List_rows')?['body/value']",
          "actions": {
            "Append_to_string_variable": {
              "runAfter": {},
              "metadata": {
                "operationMetadataId": "466c68f2-cf96-4788-8454-9c19a19f8bf1"
              },
              "type": "AppendToStringVariable",
              "inputs": {
                "name": "varMyOrders",
                "value": "\n1. @{items('Apply_to_each')?['crdf0_ordername']}.\n    - ID: @{items('Apply_to_each')?['crdf0_id']}\n    - Supplier: @{items('Apply_to_each')?['crdf0_supplier']}\n    - Status: @{items('Apply_to_each')?['crdf0_orderstatus@OData.Community.Display.V1.FormattedValue']}\n    - Arrival: @{formatDateTime(first(split(items('Apply_to_each')?['crdf0_expectedarrivaldate'],'T')),'MM/dd/yyyy')}"
              }
            }
          },
          "runAfter": {
            "List_rows": [
              "Succeeded"
            ]
          },
          "metadata": {
            "operationMetadataId": "156300f8-0bba-413b-bead-78e8a451b45b"
          },
          "type": "Foreach"
        },
        "Initialize_variable_2": {
          "runAfter": {
            "Initialize_variable": [
              "Succeeded"
            ]
          },
          "metadata": {
            "operationMetadataId": "3058915e-3a4e-4e70-a4d8-4c629e0b815e"
          },
          "type": "InitializeVariable",
          "inputs": {
            "variables": [
              {
                "name": "varStatusMsg",
                "type": "string"
              }
            ]
          }
        },
        "Condition": {
          "actions": {
            "Set_variable": {
              "runAfter": {},
              "metadata": {
                "operationMetadataId": "5f81bd72-33af-4b62-b209-c3490b6a2773"
              },
              "type": "SetVariable",
              "inputs": {
                "name": "varStatusMsg",
                "value": "Success"
              }
            }
          },
          "runAfter": {
            "Apply_to_each": [
              "Succeeded"
            ]
          },
          "else": {
            "actions": {
              "Set_variable_2": {
                "runAfter": {},
                "metadata": {
                  "operationMetadataId": "43889eda-5733-4cdf-ba3b-a24d36ef82e3"
                },
                "type": "SetVariable",
                "inputs": {
                  "name": "varStatusMsg",
                  "value": "Error"
                }
              }
            }
          },
          "expression": {
            "greaterOrEquals": [
              "@length(outputs('List_rows')?['body/value'])",
              1
            ]
          },
          "metadata": {
            "operationMetadataId": "1d088627-5201-4905-96db-2c23c6e1cdc1"
          },
          "type": "If"
        }
      },
      "outputs": {}
    }
  },
  "schemaVersion": "1.0.0.0"
}