{
  "properties": {
    "connectionReferences": {
      "shared_office365users_1": {
        "runtimeSource": "embedded",
        "connection": {
          "connectionReferenceLogicalName": "crc61_sharedoffice365users_cb88e"
        },
        "api": {
          "name": "shared_office365users"
        }
      },
      "shared_commondataserviceforapps_1": {
        "runtimeSource": "embedded",
        "connection": {
          "connectionReferenceLogicalName": "aw_sharedcommondataserviceforapps_ed787"
        },
        "api": {
          "name": "shared_commondataserviceforapps"
        }
      }
    },
    "definition": {
      "$schema": "https://schema.management.azure.com/providers/Microsoft.Logic/schemas/2016-06-01/workflowdefinition.json#",
      "contentVersion": "1.0.0.0",
      "parameters": {
        "$connections": {
          "defaultValue": {},
          "type": "Object"
        },
        "$authentication": {
          "defaultValue": {},
          "type": "SecureObject"
        }
      },
      "triggers": {
        "manual": {
          "metadata": {
            "operationMetadataId": "2f7e571e-edf1-4ea2-8704-4bcd135aa456"
          },
          "type": "Request",
          "kind": "VirtualAgent",
          "inputs": {
            "schema": {
              "type": "object",
              "properties": {
                "number": {
                  "title": "varLookUpID",
                  "type": "number",
                  "x-ms-dynamically-added": true,
                  "description": "Please enter a number",
                  "x-ms-content-hint": "NUMBER"
                }
              },
              "required": [
                "number"
              ]
            }
          }
        }
      },
      "actions": {
        "Return_value(s)_to_Power_Virtual_Agents": {
          "runAfter": {
            "Set_variable": [
              "Succeeded",
              "Skipped"
            ],
            "Condition": [
              "Succeeded",
              "Skipped"
            ]
          },
          "metadata": {
            "operationMetadataId": "fd7f98bb-db56-4c72-a794-236942abfdfa"
          },
          "type": "Response",
          "kind": "VirtualAgent",
          "inputs": {
            "statusCode": 200,
            "body": {
              "varordername": "@{outputs('Compose_-_Order_Name')}",
              "varsupplier": "@{outputs('Compose_-_Supplier')}",
              "varid": "@{outputs('Compose_-_ID')}",
              "vardate": "@{outputs('Compose_-_Expected_Arrival')}",
              "varstatus": "@{outputs('Compose_-_Status')}",
              "varitems": "@variables('varTable')",
              "varstatusmessage": "@variables('varStatusMessage')"
            },
            "schema": {
              "type": "object",
              "properties": {
                "varordername": {
                  "title": "varOrderName",
                  "x-ms-dynamically-added": true,
                  "type": "string"
                },
                "varsupplier": {
                  "title": "varSupplier",
                  "x-ms-dynamically-added": true,
                  "type": "string"
                },
                "varid": {
                  "title": "varID",
                  "x-ms-dynamically-added": true,
                  "type": "string"
                },
                "vardate": {
                  "title": "varDate",
                  "x-ms-dynamically-added": true,
                  "type": "string"
                },
                "varstatus": {
                  "title": "varStatus",
                  "x-ms-dynamically-added": true,
                  "type": "string"
                },
                "varitems": {
                  "title": "varItems",
                  "x-ms-dynamically-added": true,
                  "type": "string"
                },
                "varstatusmessage": {
                  "title": "varStatusMessage",
                  "x-ms-dynamically-added": true,
                  "type": "string"
                }
              }
            }
          }
        },
        "Get_my_profile_(V2)": {
          "runAfter": {
            "Initialize_variable_2": [
              "Succeeded"
            ]
          },
          "metadata": {
            "operationMetadataId": "ef5d8b1a-bad7-462a-bf87-e3ef8b2698de"
          },
          "type": "OpenApiConnection",
          "inputs": {
            "host": {
              "connectionName": "shared_office365users_1",
              "operationId": "MyProfile_V2",
              "apiId": "/providers/Microsoft.PowerApps/apis/shared_office365users"
            },
            "parameters": {},
            "authentication": "@parameters('$authentication')"
          }
        },
        "List_rows": {
          "runAfter": {
            "Get_my_profile_(V2)": [
              "Succeeded"
            ]
          },
          "metadata": {
            "operationMetadataId": "a36d1510-0ca2-40f9-8172-3dc268e8bc03"
          },
          "type": "OpenApiConnection",
          "inputs": {
            "host": {
              "connectionName": "shared_commondataserviceforapps_1",
              "operationId": "ListRecords",
              "apiId": "/providers/Microsoft.PowerApps/apis/shared_commondataserviceforapps"
            },
            "parameters": {
              "entityName": "crdf0_orders",
              "$filter": "crc61_orderedby eq '@{outputs('Get_my_profile_(V2)')?['body/mail']}' and crdf0_id eq '@{triggerBody()['number']}'"
            },
            "authentication": "@parameters('$authentication')"
          }
        },
        "Initialize_variable": {
          "runAfter": {},
          "metadata": {
            "operationMetadataId": "9e8e67ce-7be2-485d-a061-12086d0eb323"
          },
          "type": "InitializeVariable",
          "inputs": {
            "variables": [
              {
                "name": "varTable",
                "type": "string"
              }
            ]
          }
        },
        "Initialize_variable_2": {
          "runAfter": {
            "Initialize_variable": [
              "Succeeded"
            ]
          },
          "metadata": {
            "operationMetadataId": "7ffba671-ef33-4bc2-abd0-3e1c9180a9d8"
          },
          "type": "InitializeVariable",
          "inputs": {
            "variables": [
              {
                "name": "varStatusMessage",
                "type": "string"
              }
            ]
          }
        },
        "Set_variable": {
          "runAfter": {
            "List_rows": [
              "Failed"
            ]
          },
          "metadata": {
            "operationMetadataId": "cced8653-9e85-47f5-b8da-aa304955b1e5"
          },
          "type": "SetVariable",
          "inputs": {
            "name": "varStatusMessage",
            "value": "Error"
          }
        },
        "Condition": {
          "actions": {
            "Scope": {
              "actions": {
                "Compose": {
                  "runAfter": {},
                  "metadata": {
                    "operationMetadataId": "96e37c65-8d38-45b0-a510-c20cca19dcf0"
                  },
                  "type": "Compose",
                  "inputs": "@first(outputs('List_rows')?['body/value'])?['crdf0_orderid']"
                },
                "Compose_-_Order_Name": {
                  "runAfter": {
                    "Compose": [
                      "Succeeded"
                    ]
                  },
                  "metadata": {
                    "operationMetadataId": "d16f4e31-f691-4e4d-957d-da617e2e9757"
                  },
                  "type": "Compose",
                  "inputs": "@first(outputs('List_rows')?['body/value'])?['crdf0_ordername']"
                },
                "Compose_-_ID": {
                  "runAfter": {
                    "Compose_-_Order_Name": [
                      "Succeeded"
                    ]
                  },
                  "metadata": {
                    "operationMetadataId": "5cfe8d68-2fa7-4060-9d70-622a55340bfb"
                  },
                  "type": "Compose",
                  "inputs": "@first(outputs('List_rows')?['body/value'])?['crdf0_id']"
                },
                "Compose_-_Supplier": {
                  "runAfter": {
                    "Compose_-_ID": [
                      "Succeeded"
                    ]
                  },
                  "metadata": {
                    "operationMetadataId": "899e614b-8858-4f71-9be9-521d714916c5"
                  },
                  "type": "Compose",
                  "inputs": "@first(outputs('List_rows')?['body/value'])?['crdf0_supplier']"
                },
                "Compose_-_Arrival": {
                  "runAfter": {
                    "Compose_-_Supplier": [
                      "Succeeded"
                    ]
                  },
                  "metadata": {
                    "operationMetadataId": "eb592cdd-f0e7-4f0c-80e9-54fe5db7059e"
                  },
                  "type": "Compose",
                  "inputs": "@first(outputs('List_rows')?['body/value'])?['crdf0_expectedarrivaldate']"
                },
                "Compose_-_Status": {
                  "runAfter": {
                    "Compose_-_Expected_Arrival": [
                      "Succeeded"
                    ]
                  },
                  "metadata": {
                    "operationMetadataId": "bd74c179-fe09-4e87-83b5-176cedaf922a"
                  },
                  "type": "Compose",
                  "inputs": "@first(outputs('List_rows')?['body/value'])?['crdf0_orderstatus@OData.Community.Display.V1.FormattedValue']"
                },
                "List_rows_2": {
                  "runAfter": {
                    "Compose_-_Status": [
                      "Succeeded"
                    ]
                  },
                  "metadata": {
                    "operationMetadataId": "b74599e7-eada-4e71-b352-0d3571079b86"
                  },
                  "type": "OpenApiConnection",
                  "inputs": {
                    "host": {
                      "connectionName": "shared_commondataserviceforapps_1",
                      "operationId": "ListRecords",
                      "apiId": "/providers/Microsoft.PowerApps/apis/shared_commondataserviceforapps"
                    },
                    "parameters": {
                      "entityName": "crc61_orderitems",
                      "$filter": "_crc61_orderid_value eq '@{outputs('Compose')}'"
                    },
                    "authentication": "@parameters('$authentication')"
                  }
                },
                "Apply_to_each": {
                  "foreach": "@outputs('List_rows_2')?['body/value']",
                  "actions": {
                    "Append_to_string_variable": {
                      "runAfter": {},
                      "metadata": {
                        "operationMetadataId": "cdad0ee8-9cd5-491d-b92c-ab9c33909f5d"
                      },
                      "type": "AppendToStringVariable",
                      "inputs": {
                        "name": "varTable",
                        "value": "\n1. @{items('Apply_to_each')?['crc61_itemname']}.\n    - Qty: @{items('Apply_to_each')?['crc61_itemquantity']}\n    - Total cost: $@{items('Apply_to_each')?['crc61_itemtotalcost']}"
                      }
                    }
                  },
                  "runAfter": {
                    "List_rows_2": [
                      "Succeeded"
                    ]
                  },
                  "metadata": {
                    "operationMetadataId": "588e09c9-d32d-4432-9859-954601f9d3bb"
                  },
                  "type": "Foreach"
                },
                "Compose_-_Expected_Arrival": {
                  "runAfter": {
                    "Compose_-_Arrival": [
                      "Succeeded"
                    ]
                  },
                  "metadata": {
                    "operationMetadataId": "400f4c9f-f851-4792-9480-ad6fe553b4ef"
                  },
                  "type": "Compose",
                  "inputs": "@formatDateTime(first(split(outputs('Compose_-_Arrival'),'T')),'MM/dd/yyyy')"
                }
              },
              "runAfter": {},
              "metadata": {
                "operationMetadataId": "e5d2dd59-ea4a-46a9-b02b-9ab96f2a7adc"
              },
              "type": "Scope"
            },
            "Set_variable_2": {
              "runAfter": {
                "Scope": [
                  "Succeeded"
                ]
              },
              "metadata": {
                "operationMetadataId": "aadc28b2-24af-4c31-84e0-f07347b7b6d0"
              },
              "type": "SetVariable",
              "inputs": {
                "name": "varStatusMessage",
                "value": "Success"
              }
            }
          },
          "runAfter": {
            "List_rows": [
              "Succeeded"
            ]
          },
          "else": {
            "actions": {
              "Set_variable_3": {
                "runAfter": {},
                "metadata": {
                  "operationMetadataId": "01281ada-5b67-44bc-89d3-f01913e89903"
                },
                "type": "SetVariable",
                "inputs": {
                  "name": "varStatusMessage",
                  "value": "Error"
                }
              }
            }
          },
          "expression": {
            "greaterOrEquals": [
              "@length(outputs('List_rows')?['body/value'])",
              1
            ]
          },
          "metadata": {
            "operationMetadataId": "da460c20-6cd9-438d-b75c-6b0dc61f221c"
          },
          "type": "If"
        }
      },
      "outputs": {}
    }
  },
  "schemaVersion": "1.0.0.0"
}