{"schemaVersion":"1.0","appDefinitionTemplate":{"id":"/providers/Microsoft.PowerApps/apps/","type":"Microsoft.PowerApps/apps","tags":{"primaryDeviceWidth":"1366","primaryDeviceHeight":"768","sienaVersion":"20220324T142255Z-3.22022.31.0","deviceCapabilities":"","supportsPortrait":"true","supportsLandscape":"true","primaryFormFactor":"Tablet","publisherVersion":"3.22022.31","minimumRequiredApiVersion":"2.2.0","hasComponent":"false","hasUnlockedComponent":"false","isUnifiedRootApp":"false"},"properties":{"appVersion":"2022-03-24T14:22:55Z","lifeCycleId":"Published","createdByClientVersion":{"major":3,"minor":22022,"build":31,"revision":0,"majorRevision":0,"minorRevision":0},"minClientVersion":{"major":3,"minor":22022,"build":31,"revision":0,"majorRevision":0,"minorRevision":0},"backgroundColor":"rgba(98, 100, 167, 1)","backgroundImageUri":"/5186565056583166441/Nc17338af-746f-4a1c-bdf1-b42575b9e6bc-logoSmallFile","displayName":"QuickChat","description":"The QuickChat app allows you to create an internal chat for any meeting on your calendar.","commitMessage":"","appUris":{"documentUri":{"value":"/5186565056583166441/N2b679573-8df5-479a-a452-c01d0acb3e97-document.msapp"},"imageUris":[]},"createdTime":"0001-01-01T00:00:00Z","lastModifiedTime":"0001-01-01T00:00:00Z","sharedGroupsCount":0,"sharedUsersCount":0,"icons":{"smallIconUri":"/5186565056583166441/Nbceb81c1-2173-4ee4-9a1d-f107d4daca7b-small.png","mediumIconUri":"/5186565056583166441/N9b745c8a-6386-4e84-95ce-c0f399efb3fc-medium.png","largeIconUri":"/5186565056583166441/N6ceddeb4-0846-48c7-a85e-808e2979ea19-large.png","wideIconUri":"/5186565056583166441/N8677bcd7-5e6e-4c35-a798-dee7376fdbe1-wide.png"},"connectionReferences":{"8e5adaf6-0977-436f-896a-3fe3a19b9dd6":{"id":"206d1e42-8e0f-4ad8-92b0-5aa42927bc1c","displayName":"Office 365 Outlook","iconUri":"https://connectoricons-prod.azureedge.net/releases/v1.0.1559/1.0.1559.2723/office365/icon.png","dataSources":["Office365Outlook"],"dependencies":[],"dependents":["19a9cc33-8d78-4843-ba18-18ad22f06f5a"],"parameterHints":{},"parameterHintsV2":{},"isOnPremiseConnection":false,"bypassConsent":false,"dataSets":{},"apiTier":"Standard","isCustomApiConnection":false,"actions":["CalendarGetTablesV2","GetEventsCalendarViewV2"]},"19a9cc33-8d78-4843-ba18-18ad22f06f5a":{"id":"33cb9c6c-e364-4937-a4c9-cd8daf1f22f8","displayName":"Logic flows","iconUri":"https://connectoricons-prod.azureedge.net/releases/v1.0.1534/1.0.1534.2605/logicflows/icon.png","dataSources":["StartinternalTeamsthread"],"dependencies":["8e5adaf6-0977-436f-896a-3fe3a19b9dd6","11958cd7-01aa-413e-aabe-629527ed0d41","e1f2e10b-45f1-4908-adcc-cc3b078afecb"],"dependents":[],"parameterHints":{"workflowName":{"value":"98b94fa1-67d2-4168-a4ad-26ce6d475e58"},"workflowEntityId":{},"8e5adaf6-0977-436f-896a-3fe3a19b9dd6":{"value":"shared_office365"},"11958cd7-01aa-413e-aabe-629527ed0d41":{"value":"shared_teams"},"e1f2e10b-45f1-4908-adcc-cc3b078afecb":{"value":"shared_office365users"}},"parameterHintsV2":{"workflowName":{"value":"98b94fa1-67d2-4168-a4ad-26ce6d475e58"},"workflowEntityId":{},"shared_office365":{"value":"8e5adaf6-0977-436f-896a-3fe3a19b9dd6"},"shared_teams":{"value":"11958cd7-01aa-413e-aabe-629527ed0d41"},"shared_office365users":{"value":"e1f2e10b-45f1-4908-adcc-cc3b078afecb"}},"isOnPremiseConnection":false,"bypassConsent":false,"dataSets":{},"apiTier":"Standard","isCustomApiConnection":false,"actions":["Run"],"nestedActions":[{"id":"/providers/Microsoft.PowerApps/apis/shared_office365/apiOperations/V3CalendarGetItem","apiName":"Office 365 Outlook","actionName":"V3CalendarGetItem","referencedResources":[]},{"id":"/providers/Microsoft.PowerApps/apis/shared_teams/apiOperations/CreateChat","apiName":"Microsoft Teams","actionName":"CreateChat","referencedResources":[]},{"id":"/providers/Microsoft.PowerApps/apis/shared_teams/apiOperations/PostMessageToConversation","apiName":"Microsoft Teams","actionName":"PostMessageToConversation","referencedResources":[]},{"id":"/providers/Microsoft.PowerApps/apis/shared_office365users/apiOperations/MyProfile_V2","apiName":"Office 365 Users","actionName":"MyProfile_V2","referencedResources":[]}]},"11958cd7-01aa-413e-aabe-629527ed0d41":{"id":"eba4028f-5ee7-4cf7-89a7-8fcc0c203aab","displayName":"Microsoft Teams","iconUri":"https://connectoricons-prod.azureedge.net/releases/v1.0.1554/1.0.1554.2709/teams/icon.png","dataSources":[],"dependencies":[],"dependents":["19a9cc33-8d78-4843-ba18-18ad22f06f5a"],"parameterHints":{},"parameterHintsV2":{},"isOnPremiseConnection":false,"bypassConsent":false,"dataSets":{},"apiTier":"Standard","isCustomApiConnection":false},"e1f2e10b-45f1-4908-adcc-cc3b078afecb":{"id":"c20adf7a-4690-4f03-a5d5-eb54dc032dfc","displayName":"Office 365 Users","iconUri":"https://connectoricons-prod.azureedge.net/releases/v1.0.1559/1.0.1559.2723/office365users/icon.png","dataSources":[],"dependencies":[],"dependents":["19a9cc33-8d78-4843-ba18-18ad22f06f5a"],"parameterHints":{},"parameterHintsV2":{},"isOnPremiseConnection":false,"bypassConsent":false,"dataSets":{},"apiTier":"Standard","isCustomApiConnection":false}},"databaseReferences":{},"almMode":"Environment","performanceOptimizationEnabled":true,"canConsumeAppPass":true,"executionRestrictions":{"isTeamsOnly":false,"dataLossPreventionEvaluationResult":{"status":"Compliant","lastEvaluationDate":"2022-03-24T14:23:22.8270868Z","violations":[],"violationsByPolicy":[],"violationErrorMessage":"The app uses the following connectors: shared_office365, shared_logicflows, shared_teams, shared_office365users."},"httpActionRestriction":{"appUsesSharepointHttpAction":false,"enforcementStrategy":"Legacy","evaluationTime":"2022-03-24T14:23:22.8270868Z"}}},"appType":"ClassicCanvasApp","appComponents":[]}}