{
  "namedEntities": [
    {
      "synonyms": [
        "home"
      ],
      "id": "ff0ca6dd-de7a-4bee-b849-16210d63f3c5",
      "displayName": "Home User",
      "updatedTime": "2022-05-25T18:13:10.3348692Z",
      "updatedUserId": "357ffa00-5d0a-44da-a9e1-230419dea9b7"
    },
    {
      "synonyms": [
        "gaming"
      ],
      "id": "2ccf421b-89a6-43a8-8b4f-b8d8f63b58bf",
      "displayName": "Gamer",
      "updatedTime": "2022-05-25T18:13:10.3348692Z",
      "updatedUserId": "357ffa00-5d0a-44da-a9e1-230419dea9b7"
    },
    {
      "synonyms": [
        "business"
      ],
      "id": "2d32734c-9552-47c5-963b-563fe1d9ea7e",
      "displayName": "Business User",
      "updatedTime": "2022-05-25T18:13:10.3348692Z",
      "updatedUserId": "357ffa00-5d0a-44da-a9e1-230419dea9b7"
    }
  ],
  "closedListTypes": [
    {
      "namedEntities": [
        "ff0ca6dd-de7a-4bee-b849-16210d63f3c5",
        "2ccf421b-89a6-43a8-8b4f-b8d8f63b58bf",
        "2d32734c-9552-47c5-963b-563fe1d9ea7e"
      ],
      "smartMatchingEnabled": true,
      "customTypeSchema": "ClosedList",
      "id": "new_customtype_2716c3a923ec4e748b58c3ac549460e4_f86fcadfd497444e91ed11c12b059d10",
      "displayName": "Usage Type",
      "description": "Lesson 4 Usage Type Entity",
      "createdTime": "2019-10-25T14:03:43.9601778Z",
      "updatedTime": "2022-05-25T18:13:10.3348692Z",
      "createdUserId": "user0",
      "updatedUserId": "357ffa00-5d0a-44da-a9e1-230419dea9b7"
    }
  ]
}