{"name":"c59aabf3-e67c-4138-a777-3eabf36c6eed","id":"/providers/Microsoft.Flow/flows/c59aabf3-e67c-4138-a777-3eabf36c6eed","type":"Microsoft.Flow/flows","properties":{"apiId":"/providers/Microsoft.PowerApps/apis/shared_logicflows","displayName":"Start internal Teams thread","definition":{"metadata":{"workflowEntityId":null,"processAdvisorMetadata":null,"flowclientsuspensionreason":"None","flowclientsuspensiontime":null,"creator":{"id":"bd66cdcf-780e-4494-9555-093b6721b0f2","type":"User","tenantId":"ee46e780-8262-42bf-a75e-c1caf6e0a9c0"},"provisioningMethod":"FromDefinition","failureAlertSubscription":true,"clientLastModifiedTime":"2022-03-24T18:57:45.9541034Z"},"$schema":"https://schema.management.azure.com/providers/Microsoft.Logic/schemas/2016-06-01/workflowdefinition.json#","contentVersion":"1.0.0.0","parameters":{"$connections":{"defaultValue":{},"type":"Object"},"$authentication":{"defaultValue":{},"type":"SecureObject"}},"triggers":{"manual":{"metadata":{"operationMetadataId":"b34c79e6-a0dd-49db-9f67-520c4e40d478"},"type":"Request","kind":"PowerApp","inputs":{"schema":{"type":"object","properties":{"meetingID_Value":{"type":"string","description":"Enter initial value","x-ms-powerflows-param-ispartial":false},"calendarID_Value":{"type":"string","description":"Enter initial value","x-ms-powerflows-param-ispartial":false}},"required":["meetingID_Value","calendarID_Value"]}}}},"actions":{"Get_event_(V3)":{"runAfter":{"calendarID":["Succeeded"]},"metadata":{"operationMetadataId":"2952a1a6-19d6-4ec9-b1ba-04c305e492f1"},"type":"OpenApiConnection","inputs":{"host":{"apiId":"/providers/Microsoft.PowerApps/apis/shared_office365","connectionName":"shared_office365","operationId":"V3CalendarGetItem"},"parameters":{"table":"@variables('calendarID')","id":"@variables('meetingID')"},"authentication":{"value":"@json(decodeBase64(triggerOutputs().headers['X-MS-APIM-Tokens']))['$ConnectionKey']","type":"Raw"}}},"meetingID":{"runAfter":{},"metadata":{"operationMetadataId":"72a15a98-b40c-4201-9d59-c1adcd41f314"},"type":"InitializeVariable","inputs":{"variables":[{"name":"meetingID","type":"string","value":"@{triggerBody()['meetingID_Value']}"}]}},"Create_a_chat":{"runAfter":{"Initialize_variable_6":["Succeeded"]},"metadata":{"operationMetadataId":"b2d327a9-7aea-4baf-bcbe-cadd0b66b3c3"},"type":"OpenApiConnection","inputs":{"host":{"apiId":"/providers/Microsoft.PowerApps/apis/shared_teams","connectionName":"shared_teams","operationId":"CreateChat"},"parameters":{"item/members":"@variables('FinalStringAttendees')","item/topic":"INTERNAL - @{outputs('Get_event_(V3)')?['body/subject']}"},"authentication":{"value":"@json(decodeBase64(triggerOutputs().headers['X-MS-APIM-Tokens']))['$ConnectionKey']","type":"Raw"}}},"Post_message_in_a_chat_or_channel":{"runAfter":{"Create_a_chat":["Succeeded"]},"metadata":{"operationMetadataId":"a7e3ea22-a153-4c8c-b25c-10eb7982b11f"},"type":"OpenApiConnection","inputs":{"host":{"apiId":"/providers/Microsoft.PowerApps/apis/shared_teams","connectionName":"shared_teams","operationId":"PostMessageToConversation"},"parameters":{"poster":"Flow bot","location":"Group chat","body/recipient":"@outputs('Create_a_chat')?['body/id']","body/messageBody":"<p><strong></strong><strong>@{outputs('Get_my_profile_(V2)')?['body/displayName']}</strong><strong> has used Power Automate to automatically create a back-channel (internal) chat for this meeting</strong></p>"},"authentication":{"value":"@json(decodeBase64(triggerOutputs().headers['X-MS-APIM-Tokens']))['$ConnectionKey']","type":"Raw"}}},"Initialize_variable":{"runAfter":{"Initialize_variable_2":["Succeeded"]},"metadata":{"operationMetadataId":"beb740bf-d4e9-417c-b33e-e486bbc2b941"},"type":"InitializeVariable","inputs":{"variables":[{"name":"stringAttendees","type":"string","value":"@{substring(outputs('Get_event_(V3)')?['body/requiredAttendees'],0,variables('lengthAttendees'))}"}]}},"Initialize_variable_2":{"runAfter":{"Get_event_(V3)":["Succeeded"]},"metadata":{"operationMetadataId":"f7ded099-894d-4069-8300-7b0d8341d65b"},"type":"InitializeVariable","inputs":{"variables":[{"name":"lengthAttendees","type":"integer","value":"@sub(length(outputs('Get_event_(V3)')?['body/requiredAttendees']),1)"}]}},"Initialize_variable_3":{"runAfter":{"Initialize_variable":["Succeeded"]},"metadata":{"operationMetadataId":"3f7767f5-3326-4061-90be-b5ead3e39645"},"type":"InitializeVariable","inputs":{"variables":[{"name":"arrayAttendees","type":"array","value":"@split(variables('stringAttendees'),';')"}]}},"Filter_array":{"runAfter":{"Initialize_variable_7":["Succeeded"]},"metadata":{"operationMetadataId":"cb5ee5da-ad3f-4306-aa20-87b8907f93e1"},"type":"Query","inputs":{"from":"@variables('arrayAttendees')","where":"@contains(item(), variables('myDomain'))"}},"Initialize_variable_4":{"runAfter":{"Filter_array_3":["Succeeded"]},"metadata":{"operationMetadataId":"2c977981-3efc-438d-b453-ef5efdaf585a"},"type":"InitializeVariable","inputs":{"variables":[{"name":"finalAttendees","type":"string"}]}},"Apply_to_each":{"foreach":"@body('Filter_array_3')","actions":{"Append_to_string_variable":{"runAfter":{},"metadata":{"operationMetadataId":"6a147439-1440-4ac1-82d6-546d41eec669"},"type":"AppendToStringVariable","inputs":{"name":"finalAttendees","value":"@{item()};"}}},"runAfter":{"Initialize_variable_4":["Succeeded"]},"metadata":{"operationMetadataId":"64cf0af2-9b09-46f7-89a7-da8d989bdf39"},"type":"Foreach"},"Initialize_variable_5":{"runAfter":{"Apply_to_each":["Succeeded"]},"metadata":{"operationMetadataId":"f7ded099-894d-4069-8300-7b0d8341d65b"},"type":"InitializeVariable","inputs":{"variables":[{"name":"FinalLengthAttendees","type":"integer","value":"@sub(length(variables('finalAttendees')), 1)"}]}},"Initialize_variable_6":{"runAfter":{"Initialize_variable_5":["Succeeded"]},"metadata":{"operationMetadataId":"beb740bf-d4e9-417c-b33e-e486bbc2b941"},"type":"InitializeVariable","inputs":{"variables":[{"name":"FinalStringAttendees","type":"string","value":"@{substring(variables('finalAttendees'), 0, variables('FinalLengthAttendees'))}"}]}},"Filter_array_2":{"runAfter":{"Filter_array":["Succeeded"]},"metadata":{"operationMetadataId":"0483d14a-47ae-4214-8619-1888e618c6a9"},"type":"Query","inputs":{"from":"@body('Filter_array')","where":"@equals(item(), outputs('Get_my_profile_(V2)')?['body/mail'])"}},"Get_my_profile_(V2)":{"runAfter":{"Initialize_variable_3":["Succeeded"]},"metadata":{"operationMetadataId":"54c27ad3-d20f-4d64-8245-729ee38af401"},"type":"OpenApiConnection","inputs":{"host":{"apiId":"/providers/Microsoft.PowerApps/apis/shared_office365users","connectionName":"shared_office365users","operationId":"MyProfile_V2"},"parameters":{},"authentication":{"value":"@json(decodeBase64(triggerOutputs().headers['X-MS-APIM-Tokens']))['$ConnectionKey']","type":"Raw"}}},"calendarID":{"runAfter":{"meetingID":["Succeeded"]},"metadata":{"operationMetadataId":"8a0add8d-5be4-4ab3-8c4b-f71d89a2cd01"},"type":"InitializeVariable","inputs":{"variables":[{"name":"calendarID","type":"string","value":"@{triggerBody()['calendarID_Value']}"}]}},"Compose":{"runAfter":{"Get_my_profile_(V2)":["Succeeded"]},"metadata":{"operationMetadataId":"5f0c3668-afb3-471b-bd5b-17d9837c25bc"},"type":"Compose","inputs":"@last(split(outputs('Get_my_profile_(V2)')?['body/mail'],'@'))"},"Initialize_variable_7":{"runAfter":{"Compose":["Succeeded"]},"metadata":{"operationMetadataId":"0254a64e-f55b-4a58-87b7-a32ff8c05aba"},"type":"InitializeVariable","inputs":{"variables":[{"name":"myDomain","type":"string","value":"@{concat('@',outputs('Compose'))}"}]}},"Filter_array_3":{"runAfter":{"Filter_array_2":["Succeeded"]},"metadata":{"operationMetadataId":"acfbc984-66b0-4051-933c-e35a9917c2d0"},"type":"Query","inputs":{"from":"@body('Filter_array_2')","where":"@equals(item(), outputs('Get_my_profile_(V2)')?['body/userPrincipalName'])"}}}},"connectionReferences":{"shared_office365":{"connectionName":"2fa1965d73c741f1b524fa44bb8c9c4d","source":"Invoker","id":"/providers/Microsoft.PowerApps/apis/shared_office365","tier":"NotSpecified"},"shared_teams":{"connectionName":"05172c3b8fa944c7a3baf3d8fb74ef78","source":"Invoker","id":"/providers/Microsoft.PowerApps/apis/shared_teams","tier":"NotSpecified"},"shared_office365users":{"connectionName":"1a23d1bc71a14eb6b117a0edfb207adf","source":"Invoker","id":"/providers/Microsoft.PowerApps/apis/shared_office365users","tier":"NotSpecified"}},"flowFailureAlertSubscribed":false}}