{"name":"53ad4bfe-03b3-4610-a0ec-abfe9f0a9586","id":"/providers/Microsoft.Flow/flows/53ad4bfe-03b3-4610-a0ec-abfe9f0a9586","type":"Microsoft.Flow/flows","properties":{"apiId":"/providers/Microsoft.PowerApps/apis/shared_logicflows","displayName":"Block my calendar for 15 minutes after long meeting","definition":{"metadata":{"workflowEntityId":null,"processAdvisorMetadata":null,"flowclientsuspensionreason":"None","flowclientsuspensiontime":null,"creator":{"id":"bd66cdcf-780e-4494-9555-093b6721b0f2","type":"User","tenantId":"ee46e780-8262-42bf-a75e-c1caf6e0a9c0"},"provisioningMethod":"FromDefinition","failureAlertSubscription":true,"clientLastModifiedTime":"2021-10-25T18:31:40.4594719Z"},"$schema":"https://schema.management.azure.com/providers/Microsoft.Logic/schemas/2016-06-01/workflowdefinition.json#","contentVersion":"1.0.0.0","parameters":{"$connections":{"defaultValue":{},"type":"Object"},"$authentication":{"defaultValue":{},"type":"SecureObject"}},"triggers":{"When_a_new_event_is_created_(V3)":{"recurrence":{"frequency":"Minute","interval":1},"splitOn":"@triggerOutputs()?['body/value']","type":"OpenApiConnection","inputs":{"host":{"apiId":"/providers/Microsoft.PowerApps/apis/shared_office365","connectionName":"shared_office365","operationId":"CalendarGetOnNewItemsV3"},"parameters":{"table":"AAMkADk1MTgwZGJhLWQxZTAtNDk0Zi04ODllLWEwMTk1NjY4YTViYQBGAAAAAACD7bbdLHM6TbEH4docPu2lBwDQu7G52Qc-SobAfcOIikxfAAAAAAEGAADQu7G52Qc-SobAfcOIikxfAAAAAI2EAAA="},"authentication":"@parameters('$authentication')"},"conditions":[{"expression":"@not(equals(triggerOutputs()?['body/subject'],'long meeting block by Power Automate'))"}]}},"actions":{"Condition_-_meeting_is_longer_than_long_meeting_threshold":{"actions":{"Get_calendar_view_of_events_(V3)":{"runAfter":{},"type":"OpenApiConnection","inputs":{"host":{"apiId":"/providers/Microsoft.PowerApps/apis/shared_office365","connectionName":"shared_office365","operationId":"GetEventsCalendarViewV3"},"parameters":{"calendarId":"AAMkADk1MTgwZGJhLWQxZTAtNDk0Zi04ODllLWEwMTk1NjY4YTViYQBGAAAAAACD7bbdLHM6TbEH4docPu2lBwDQu7G52Qc-SobAfcOIikxfAAAAAAEGAADQu7G52Qc-SobAfcOIikxfAAAAAI2EAAA=","startDateTimeUtc":"@addMinutes(triggerOutputs()?['body/end'],1)","endDateTimeUtc":"@addMinutes(triggerOutputs()?['body/end'],29)"},"authentication":"@parameters('$authentication')"}},"Condition_-_is_the_calendar_empty_after_the_long_meeting":{"actions":{"Create_event_(V4)_-_create_15_minute_block":{"runAfter":{},"type":"OpenApiConnection","inputs":{"host":{"apiId":"/providers/Microsoft.PowerApps/apis/shared_office365","connectionName":"shared_office365","operationId":"V4CalendarPostItem"},"parameters":{"table":"AAMkADk1MTgwZGJhLWQxZTAtNDk0Zi04ODllLWEwMTk1NjY4YTViYQBGAAAAAACD7bbdLHM6TbEH4docPu2lBwDQu7G52Qc-SobAfcOIikxfAAAAAAEGAADQu7G52Qc-SobAfcOIikxfAAAAAI2EAAA=","item/subject":"long meeting block by Power Automate","item/start":"@triggerOutputs()?['body/end']","item/end":"@addMinutes(triggerOutputs()?['body/end'],15)","item/timeZone":"(UTC) Coordinated Universal Time","item/isReminderOn":false,"item/showAs":"busy"},"authentication":"@parameters('$authentication')"}}},"runAfter":{"Get_calendar_view_of_events_(V3)":["Succeeded"]},"expression":{"equals":["@empty(outputs('Get_calendar_view_of_events_(V3)')?['body/value'])","@true"]},"type":"If"}},"runAfter":{"Add_to_time":["Succeeded"]},"expression":{"greaterOrEquals":["@triggerOutputs()?['body/end']","@body('Add_to_time')"]},"type":"If"},"Add_to_time":{"runAfter":{"Initialize_variable_-_longMeetingDuration_in_minutes":["Succeeded"]},"type":"Expression","kind":"AddToTime","inputs":{"baseTime":"@triggerOutputs()?['body/start']","interval":"@variables('longMeetingDuration')","timeUnit":"Minute"}},"Initialize_variable_-_longMeetingDuration_in_minutes":{"runAfter":{},"type":"InitializeVariable","inputs":{"variables":[{"name":"longMeetingDuration","type":"integer","value":90}]},"description":"Specify the time duration in minutes (default is 90 minutes)"}},"description":"This workflow blocks 15 minutes on your calendar after a long meeting (default = meetings that are 90 minutes or longer) as long as there are no meetings directly after."},"connectionReferences":{"shared_office365":{"connectionName":"2fa1965d73c741f1b524fa44bb8c9c4d","source":"Embedded","id":"/providers/Microsoft.PowerApps/apis/shared_office365","tier":"NotSpecified"}},"flowFailureAlertSubscribed":false}}