<botcomponent_workflowset>
  <botcomponent_workflow botcomponentid.schemaname="new_topic_aaf8ce19fc7f4954aca88faae446eb3e" workflowid.workflowid="934eec1b-9ffc-ec11-82e5-00224823bb67">
    <iscustomizable>1</iscustomizable>
  </botcomponent_workflow>
  <botcomponent_workflow botcomponentid.schemaname="new_topic_aaf8ce19fc7f4954aca88faae446eb3e" workflowid.workflowid="f134e1e6-96fc-ec11-82e5-00224823bb67">
    <iscustomizable>1</iscustomizable>
  </botcomponent_workflow>
</botcomponent_workflowset>