{"schemaVersion":"1.0","appDefinitionTemplate":{"id":"/providers/Microsoft.PowerApps/apps/","type":"Microsoft.PowerApps/apps","tags":{"primaryDeviceWidth":"1366","primaryDeviceHeight":"768","sienaVersion":"20220405T172116Z-3.22031.27.0","deviceCapabilities":"","supportsPortrait":"true","supportsLandscape":"true","primaryFormFactor":"Tablet","publisherVersion":"3.22031.27","minimumRequiredApiVersion":"2.2.0","hasComponent":"false","hasUnlockedComponent":"false","isUnifiedRootApp":"false"},"properties":{"appVersion":"2022-04-05T17:21:16Z","lifeCycleId":"Published","createdByClientVersion":{"major":3,"minor":22031,"build":27,"revision":0,"majorRevision":0,"minorRevision":0},"minClientVersion":{"major":3,"minor":22031,"build":27,"revision":0,"majorRevision":0,"minorRevision":0},"backgroundColor":"rgba(98, 100, 167, 1)","backgroundImageUri":"/5186565056583166441/Nbe05c19e-6a06-4351-a62d-a80642d8421d-logoSmallFile","displayName":"QuickChat","description":"The QuickChat app allows you to create an internal chat for any meeting on your calendar.","commitMessage":"","appUris":{"documentUri":{"value":"/5186565056583166441/N0e04868b-59aa-43cd-ae02-4eeba7d67159-document.msapp"},"imageUris":[]},"createdTime":"0001-01-01T00:00:00Z","lastModifiedTime":"0001-01-01T00:00:00Z","sharedGroupsCount":0,"sharedUsersCount":0,"icons":{"smallIconUri":"/5186565056583166441/N1226e80d-908f-4694-a9d6-067982caa80b-small.png","mediumIconUri":"/5186565056583166441/N36567e99-51f7-4fe6-aeb1-a291baeee821-medium.png","largeIconUri":"/5186565056583166441/Nd0d8913e-7c29-44c4-93d9-302a145fcc33-large.png","wideIconUri":"/5186565056583166441/N30ec2b24-76f9-4928-b7dd-1da520929db9-wide.png"},"connectionReferences":{"8e5adaf6-0977-436f-896a-3fe3a19b9dd6":{"id":"206d1e42-8e0f-4ad8-92b0-5aa42927bc1c","displayName":"Office 365 Outlook","iconUri":"https://connectoricons-prod.azureedge.net/releases/v1.0.1566/1.0.1566.2741/office365/icon.png","dataSources":["Office365Outlook"],"dependencies":[],"dependents":["abd0ea83-8e9a-47b0-b429-8cabf8ff239d"],"parameterHints":{},"parameterHintsV2":{},"isOnPremiseConnection":false,"bypassConsent":false,"dataSets":{},"apiTier":"Standard","isCustomApiConnection":false,"actions":["CalendarGetTablesV2","GetEventsCalendarViewV2"]},"abd0ea83-8e9a-47b0-b429-8cabf8ff239d":{"id":"33cb9c6c-e364-4937-a4c9-cd8daf1f22f8","displayName":"Logic flows","iconUri":"https://connectoricons-prod.azureedge.net/releases/v1.0.1534/1.0.1534.2605/logicflows/icon.png","dataSources":["StartinternalTeamsthread_1"],"dependencies":["8e5adaf6-0977-436f-896a-3fe3a19b9dd6","42d7d751-c7e4-4133-af36-6708065fc443","4ec63578-a3c4-4b28-884d-5a671f6157a4"],"dependents":[],"parameterHints":{"workflowName":{"value":"98b94fa1-67d2-4168-a4ad-26ce6d475e58"},"workflowEntityId":{},"8e5adaf6-0977-436f-896a-3fe3a19b9dd6":{"value":"shared_office365"},"42d7d751-c7e4-4133-af36-6708065fc443":{"value":"shared_teams"},"4ec63578-a3c4-4b28-884d-5a671f6157a4":{"value":"shared_office365users"}},"parameterHintsV2":{"workflowName":{"value":"98b94fa1-67d2-4168-a4ad-26ce6d475e58"},"workflowEntityId":{},"shared_office365":{"value":"8e5adaf6-0977-436f-896a-3fe3a19b9dd6"},"shared_teams":{"value":"42d7d751-c7e4-4133-af36-6708065fc443"},"shared_office365users":{"value":"4ec63578-a3c4-4b28-884d-5a671f6157a4"}},"isOnPremiseConnection":false,"bypassConsent":false,"dataSets":{},"apiTier":"Standard","isCustomApiConnection":false,"actions":["Run"],"nestedActions":[{"id":"/providers/Microsoft.PowerApps/apis/shared_office365/apiOperations/V3CalendarGetItem","apiName":"Office 365 Outlook","actionName":"V3CalendarGetItem","referencedResources":[]},{"id":"/providers/Microsoft.PowerApps/apis/shared_teams/apiOperations/CreateChat","apiName":"Microsoft Teams","actionName":"CreateChat","referencedResources":[]},{"id":"/providers/Microsoft.PowerApps/apis/shared_teams/apiOperations/PostMessageToConversation","apiName":"Microsoft Teams","actionName":"PostMessageToConversation","referencedResources":[]},{"id":"/providers/Microsoft.PowerApps/apis/shared_office365users/apiOperations/MyProfile_V2","apiName":"Office 365 Users","actionName":"MyProfile_V2","referencedResources":[]},{"id":"/providers/Microsoft.PowerApps/apis/shared_office365users/apiOperations/UserProfile_V2","apiName":"Office 365 Users","actionName":"UserProfile_V2","referencedResources":[]}]},"42d7d751-c7e4-4133-af36-6708065fc443":{"id":"eba4028f-5ee7-4cf7-89a7-8fcc0c203aab","displayName":"Microsoft Teams","iconUri":"https://connectoricons-prod.azureedge.net/releases/v1.0.1563/1.0.1563.2732/teams/icon.png","dataSources":[],"dependencies":[],"dependents":["abd0ea83-8e9a-47b0-b429-8cabf8ff239d"],"parameterHints":{},"parameterHintsV2":{},"isOnPremiseConnection":false,"bypassConsent":false,"dataSets":{},"apiTier":"Standard","isCustomApiConnection":false},"4ec63578-a3c4-4b28-884d-5a671f6157a4":{"id":"c20adf7a-4690-4f03-a5d5-eb54dc032dfc","displayName":"Office 365 Users","iconUri":"https://connectoricons-prod.azureedge.net/releases/v1.0.1563/1.0.1563.2732/office365users/icon.png","dataSources":["Office365Users"],"dependencies":[],"dependents":["abd0ea83-8e9a-47b0-b429-8cabf8ff239d"],"parameterHints":{},"parameterHintsV2":{},"isOnPremiseConnection":false,"bypassConsent":false,"dataSets":{},"apiTier":"Standard","isCustomApiConnection":false,"actions":["UserPhotoV2"]}},"databaseReferences":{},"almMode":"Environment","performanceOptimizationEnabled":true,"canConsumeAppPass":true,"executionRestrictions":{"isTeamsOnly":false,"dataLossPreventionEvaluationResult":{"status":"Compliant","lastEvaluationDate":"2022-04-05T17:21:36.3827466Z","violations":[],"violationsByPolicy":[],"violationErrorMessage":"The app uses the following connectors: shared_office365, shared_logicflows, shared_teams, shared_office365users."},"httpActionRestriction":{"appUsesSharepointHttpAction":false,"enforcementStrategy":"Legacy","evaluationTime":"2022-04-05T17:21:36.3827466Z"}}},"appType":"ClassicCanvasApp","appComponents":[]}}