{"name":"b4bc0298-5515-4070-8a3c-4641feff78fe","id":"/providers/Microsoft.Flow/flows/b4bc0298-5515-4070-8a3c-4641feff78fe","type":"Microsoft.Flow/flows","properties":{"apiId":"/providers/Microsoft.PowerApps/apis/shared_logicflows","displayName":"Power Automate blog updates","definition":{"metadata":{"workflowEntityId":null,"processAdvisorMetadata":null,"flowclientsuspensionreason":"None","flowclientsuspensiontime":null,"creator":{"id":"3ca30e27-9a99-4c36-a22b-2cf2c031f50a","type":"User","tenantId":"72f988bf-86f1-41af-91ab-2d7cd011db47"},"provisioningMethod":"FromDefinition","failureAlertSubscription":true,"clientLastModifiedTime":"2021-10-26T13:41:41.1703157Z"},"$schema":"https://schema.management.azure.com/providers/Microsoft.Logic/schemas/2016-06-01/workflowdefinition.json#","contentVersion":"1.0.0.0","parameters":{"$connections":{"defaultValue":{},"type":"Object"},"$authentication":{"defaultValue":{},"type":"SecureObject"}},"triggers":{"When_a_feed_item_is_published":{"recurrence":{"frequency":"Minute","interval":1},"splitOn":"@triggerOutputs()?['body/value']","type":"OpenApiConnection","inputs":{"host":{"apiId":"/providers/Microsoft.PowerApps/apis/shared_rss","connectionName":"shared_rss","operationId":"OnNewFeed"},"parameters":{"feedUrl":"https://flow.microsoft.com/en-us/blog/feed/"},"authentication":"@parameters('$authentication')"}}},"actions":{"Post_your_own_adaptive_card_as_the_Flow_bot_to_a_user":{"runAfter":{"Initialize_variable":["Succeeded"]},"type":"OpenApiConnection","inputs":{"host":{"apiId":"/providers/Microsoft.PowerApps/apis/shared_teams","connectionName":"shared_teams","operationId":"PostUserAdaptiveCard"},"parameters":{"PostAdaptiveCardRequest/recipient/to":"@{variables('varSendTo')};","PostAdaptiveCardRequest/messageBody":"{\n    \"$schema\": \"http://adaptivecards.io/schemas/adaptive-card.json\",\n    \"type\": \"AdaptiveCard\",\n    \"version\": \"1.2\",\n    \"body\": [\n        {\n            \"type\": \"Container\",\n            \"items\": [\n                {\n                    \"type\": \"TextBlock\",\n                    \"text\": \"New Power Automate Blog Post\",\n                    \"weight\": \"Bolder\",\n                    \"size\": \"medium\"\n                },\n                {\n                    \"type\": \"ColumnSet\",\n                    \"columns\": [\n                        {\n                            \"type\": \"Column\",\n                            \"width\": \"auto\",\n                            \"items\": [\n                                {\n                                    \"type\": \"Image\",\n                                    \"url\": \"https://pbs.twimg.com/profile_images/1308422127595520002/xuPlE1EJ_400x400.png\",\n                                    \"size\": \"Small\",\n                                    \"style\": \"Person\"\n                                }\n                            ]\n                        },\n                        {\n                            \"type\": \"Column\",\n                            \"width\": \"stretch\",\n                            \"items\": [\n                                {\n                                    \"type\": \"TextBlock\",\n                                    \"text\": \"@{triggerOutputs()?['body/title']}\",\n                                    \"weight\": \"Bolder\",\n                                    \"wrap\": true,\n                                    \"size\": \"Medium\"\n                                },\n                                {\n                                    \"type\": \"TextBlock\",\n                                    \"spacing\": \"None\",\n                                    \"text\": \"@{formatDateTime(triggerOutputs()?['body/publishDate'],'MM/dd/yyyy')}\",\n                                    \"isSubtle\": true,\n                                    \"wrap\": true\n                                }\n                            ]\n                        }\n                    ]\n                }\n            ]\n        },\n        {\n            \"type\": \"Container\",\n            \"items\": [\n                {\n                    \"type\": \"FactSet\",\n                    \"facts\": [\n                        {\n                            \"title\": \"Summary:\",\n                            \"value\": \"@{triggerOutputs()?['body/summary']}\"\n                        }\n                    ]\n                }\n            ]\n        }\n    ],\n    \"actions\": [\n        {\n            \"type\": \"Action.OpenUrl\",\n            \"title\": \"View Blog Post\",\n            \"url\": \"@{triggerOutputs()?['body/primaryLink']}\",\n            \"iconUrl\": \"https://pbs.twimg.com/profile_images/1308422127595520002/xuPlE1EJ_400x400.png\",\n            \"style\": \"destructive\"\n        }\n    ]\n}","PostAdaptiveCardRequest/messageTitle":"New Power Automate Blog Post"},"authentication":"@parameters('$authentication')"}},"Initialize_variable":{"runAfter":{},"type":"InitializeVariable","inputs":{"variables":[{"name":"varSendTo","type":"string"}]}}},"description":"When there is a new blog post from the Microsoft Flow team, get a push notification sent to your mobile device."},"connectionReferences":{"shared_teams":{"connectionName":"shared-teams-d9575cf0-a26f-4ae4-9250-cc286f4d7521","source":"Embedded","id":"/providers/Microsoft.PowerApps/apis/shared_teams","tier":"NotSpecified"},"shared_rss":{"connectionName":"shared-rss-b389f851-f5f9-4249-97fb-8a9f50a52b37","source":"Embedded","id":"/providers/Microsoft.PowerApps/apis/shared_rss","tier":"NotSpecified"}},"flowFailureAlertSubscribed":false}}